PRODUCT DESCRIPTION,,,
Title,Rating,Price,Review
"FUR JADEN Anti Theft Number Lock Backpack Bag with 15.6 Inch Laptop Compartment, USB Charging Port & Organizer Pocket for Men Women Boys Girls",4,679,"5,611"
"FUR JADEN Travel Laptop Backpack, Business Backpacks with USB Charging Port, Water Resistant College School Computer Bag for Men & Women Fits Under 15.6 inch Laptop and Notebook",4.3,949,545
Skybags Brat Black 46 Cms Casual Backpack,4.1,672,"5,525"
American Tourister Fizz Large Size 32 Ltrs Casual Backpack (BLACK),4,"1,199","55,249"
TRUE HUMAN EMPEROR® Anti-Theft backpack With USB charging Port Laptop bag/Office bag/college bag/travel bag with anti -theft back pocket (LEGEND),3.7,599,"2,462"
"Fur Jaden 55 LTR Rucksack Travel Backpack Bag for Trekking, Hiking with Shoe Compartment",4.3,849,"5,600"
POLICE Backpack for Men Casual Laptop Bag Office/Travel/College 30 Ltr Hedge Polyester - Black,4.1,"1,399","5,854"
Fur Jaden Brown Textured Leatherette Stylish & Spacious Weekender Duffle Bag for Travel,4.3,899,"6,506"
Half Moon Large 37L Laptop Bag Backpack for men? Women Boys and Girls Luggage Travel Bags with 17.3 inches Laptop Compartment & Rain Cover,3.9,849,"3,442"
Gear CarryOn 16L Foldable Water Resistant School Bag//Backpack/College Bag for Men/Women - Blue Black,3.7,199,"7,051"
"Arctic Hunter Backpack,Laptop Bag for Men Business Laptop Backpack for 15.6 Inch Laptop Water-resistant&Anti-theft Bag with USB Charging Port for School Travel Business, Black",4.8,"3,499",8
"uppercase 26 Ltrs Ryder Professional Laptop Backpack (15.6 Inch) 3x more water resistant sustainable bags with rain proof zippers for Men, Women, Boys and Girls, 750 Days warranty",4.3,"2,400",78
Gear Classic 20L Small Size Faux Leather Water Resistant Anti Theft Unisex Laptop Backpack- Brown,4.4,979,"6,040"
"American Tourister VALEX BLUE LAPTOP BACKPACK 28 Ltrs,Volume, LAPTOP COMPARTMENT, BOTTLE POCKET, FRONT ORGANIZER",4.2,"1,399",666
"Mi Step Out 12 L Mini Backpack (Small Size, Black, Water Repellant)",4.1,249,"9,706"
Sfane Polyester 23cms Duffle/Shoulder/Gym Bag for Men & Women with Separate Shoe Compartment (Grey),4.3,387,"7,913"
"FUR JADEN Anti Theft Number Lock Backpack Bag with 15.6 Inch Laptop Compartment, USB Charging Port & Organizer Pocket for Men Women Boys Girls",4,679,"5,611"
"Half Moon 35 Ltrs Water Resistant 15.6 inch Laptop Bag for Men/Backpack for Men, Navy Blue | Office Bag for Men/Office Bag for Women with Padded Laptop Compartment | Rain Cover & Reflective Strips",3.9,649,"16,960"
ADISA 15.6 inch laptop backpack office bag college travel back pack 32 Ltrs,3.9,499,"1,148"
Gear Aspire 30L Water Restant Office Laptop Bag/Backpack for Men/Women/(Black),4.4,"1,115","6,098"
"Red Lemon Titan Ultrafit Plus Bange Series 15.6-inch Laptop Bags Backpacks for Men and Women55L Outdoor and Camping 3in1 Office Bags,Travelling,Backpack",4.4,"3,999",509
FUR JADEN Pro Series Smart Tech Anti-Theft Laptop Backpack With USB-A and USB-C Type Charging Port for Men & Women For Business Professionals & College Students,4.5,"3,499",99
FUR JADEN Pro Series Smart Tech Anti-Theft Laptop Backpack With USB-A and USB-C Type Charging Port for Men & Women For Business Professionals & College Students,4.6,"3,499",99
"Zebronics TechshieldA1, 18 Liters, 1 Compartment Laptop Backpack and Front Pocket, fit Up to 15.6-inch Laptop, Polyester Fabric, Office Use and Mini Business Travel Bags (Light Grey)",5,634,4
ADISA 32L large laptop backpack office bag college travel back pack with rain cover,3.8,599,320
"Zebronics TechshieldA1, 18 Liters, 1 Compartment Laptop Backpack and Front Pocket, fit Up to 15.6-inch Laptop, Polyester Fabric, Office Use and Mini Business Travel Bags (Light Grey)",5,634,4
NIVIA Beast Gym Bag-4 Polyester/Unisex Gym Bags/Shoulder Bag for Men & Women with Separate Shoes Compartment/Carry Gym Accessories/Fitness Bag/Sports & Travel Bag/Sports Kit,4.2,499,"3,503"
LOOKMUSTER Casual Waterproof Laptop Backpack/Office Bag/School Bag/College Bag/Business Bag/Travel Backpack…,3.9,613,44
"TRUE HUMAN® Emperor Anti-Theft Pocket backpack With USB charging Port Laptop,office,college,travel bag for men and women(Epower)",3.7,599,262
Lavie Sport Chairman Backpack with Laptop Sleeve | Premium Leatherette Business Backpack for Men & Women | Durable Office Bag for Notebook/MacBook,3.9,849,"1,399"
NORTH ZONE Casual Waterproof Laptop Backpack/Office Bag/School Bag/College Bag/Business Bag/Travel Backpack (Dimensions:13x18 inches) (Compatible with 39.62cm(15.6inch laptop) 30 L,4,630,590
Martucci 15.6 inch 30 L Casual Waterproof Laptop Backpack/Office Bag/School Bag/College Bag/Business Bag/Unisex Travel Backpack(Black),3.9,549,"7,766"
Laptop and Trolley Bag Together,,"4,000",
"uppercase Medium 17 Ltrs Vegan Leather (upto 14 inch) Laptop Backpack 2300EBP1 3x more water resistant sustainable bags with rain proof zippers for Men, Women, Boys and Girls, 750 Days warranty",4,"1,600",540
Nelle Harper Women's Handbag,3.7,959,"1,923"
"Safari Spartan 21 Ltrs Water Resistant Backpack - Blue, S (SPARTAN19CBBLU)",3.8,609,974
WILDHORN 31L Laptop Backpack for Men/Women I Fits upto 15.6" Laptop I Waterproof I Travel/Business/College Bookbags,4.1,599,"1,610"
motherly Stylish Babies Diaper Bags for Mothers - Economical Version (Grey and Pink),4.6,"1,799","5,922"
ADISA 32 Ltrs Water Resistant Casual Travel Bagpack/College Backpack/School Office Bag for Men and Women,3.9,499,"4,122"
ADISA Laptop Backpack 31 Ltrs,4,399,"9,044"
"Safari Spartan 21 Ltrs Water Resistant Backpack - Teal, S (SPARTAN19CBTEA)",3.8,609,953
FATMUG Laptop Bag For Men - Convertible Backpack For Office And Travel (Light Grey Oxford Fabric),4.4,"1,699","2,314"
"SPENZ BAGS Travel Laptop Backpack for Women & Men|Carry On Bag, College & School Students Bookbag With Raincover",4,845,161
"Lenovo 15.6"" (39.62cm) Slim Everyday Backpack, Made in India, Compact, Water-resistant, Organized storage:Laptop sleeve,tablet pocket,front workstation,2-side pockets,Padded adjustable shoulder straps",4.3,399,"4,203"
"uppercase Medium 17 Ltrs Vegan Leather (upto 14 inch) Laptop Backpack 2300EBP1 3x more water resistant sustainable bags with rain proof zippers for Men, Women, Boys and Girls, 750 Days warranty",4,"1,600",540
Nelle Harper Women's Handbag,3.7,959,"1,923"
"Safari Spartan 21 Ltrs Water Resistant Backpack - Blue, S (SPARTAN19CBBLU)",3.8,609,974
WILDHORN 31L Laptop Backpack for Men/Women I Fits upto 15.6" Laptop I Waterproof I Travel/Business/College Bookbags,4.1,599,"1,610"
motherly Stylish Babies Diaper Bags for Mothers - Economical Version (Grey and Pink),4.6,"1,799","5,922"
ADISA 32 Ltrs Water Resistant Casual Travel Bagpack/College Backpack/School Office Bag for Men and Women,3.9,499,"4,122"
ADISA Laptop Backpack 31 Ltrs,4,399,"9,044"
"Safari Spartan 21 Ltrs Water Resistant Backpack - Teal, S (SPARTAN19CBTEA)",3.8,609,953
FATMUG Laptop Bag For Men - Convertible Backpack For Office And Travel (Light Grey Oxford Fabric),4.4,"1,699","2,314"
"SPENZ BAGS Travel Laptop Backpack for Women & Men|Carry On Bag, College & School Students Bookbag With Raincover",4,845,161
"Lenovo 15.6"" (39.62cm) Slim Everyday Backpack, Made in India, Compact, Water-resistant, Organized storage:Laptop sleeve,tablet pocket,front workstation,2-side pockets,Padded adjustable shoulder straps",4.3,399,"4,203"
"uppercase Medium 23 Ltrs Tall Boy (14.6 inch) Laptop Backpack 2500EBP1 3x more water resistant sustainable bag with rain proof zippers for Men, Women, Boys and Girls, 750 Days warranty",4,"1,700",269
Gear Parker 23L Water Resistant Anti Theft Laptop Bag/Backpack for Men/Women - Black,4.3,744,447
WILDHORN 31L Laptop Backpack for Men/Women I Fits upto 15.6" Laptop I Waterproof I Travel/Business/College Bookbags,4.1,599,"1,610"
Arctic Fox 15 Liters Draw String Bag Lavender Backpack,4.2,209,"3,518"
"Lunar's V-Line Backpack for Men, Blue | 35L Water Resistant School Bags for Boys | Stylish, & Durable | College Bags for Men/College Bag for Girls | 1 Yr Warranty",4.1,735,"2,684"
ADISA Large laptop backpack office bag college travel back pack with USB,3.8,499,103
ADISA 32L large laptop backpack office bag college travel back pack with rain cover,3.8,599,320
"FUR JADEN Anti Theft Number Lock Backpack Bag with 15.6 Inch Laptop Compartment, USB Charging Port & Organizer Pocket for Men Women Boys Girls",4,679,"5,611"
"American Tourister VALEX BLACK LAPTOP BACKPACK 28 Ltrs,Volume, LAPTOP COMPARTMENT, BOTTLE POCKET, FRONT ORGANIZER",4.3,"1,399",850
Fur Jaden Hiking Camping Rucksack Casual 10 Ltrs Blue Casual Backpack,3.6,249,"7,976"
"uppercase Apex Professional Laptop Backpack (15.6 Inch) 3x more water resistant sustainable bags with rain proof zippers for Men, Women, Boys and Girls, 750 Days warranty",4.4,"1,800",89
"Zebronics Camp1, 14 Liters, 1 Compartment Laptop Backpacks Fit Up to 15.6-inch Laptop, Polyester Fabric, Office Use and Mini Business Travel Bags (Black)",3,528,6
DZert Clasy Laptop Bag College Bag for Boys Girls 21 L Blue White,3.8,339,"2,544"
ADISA 32L large laptop backpack office bag college travel back pack with rain cover,3.8,599,320
ADISA Women's Girls Party Sling Bag Crossbody,3.9,394,614
"Fur Jaden 15.6 Inch Laptop Backpack 25 LTR Bag for School, College and Office with USB Charging Port",3.9,479,"10,362"
"Mi Step Out 12 L Mini Backpack (Small Size, Red, Water Repellant)",4.1,398,"9,706"
Half Moon Aztec 37L School Bag Class 5-12 | College Bagpack for Men/College Back pack for Women | 15.6 inch Laptop Bag for Men/Backpack for Men | Spacious & Multiple Pockets,3.6,649,229
Lunar's Comet 35L Water Resistant Travel Bagpack/College Backpack/School Bag/Office Bag/Business Backpack/Daypack for Men and Women with 1 Year Warranty,4,778,"13,642"
Safari Sheild 26 Ltrs Water Resistant Casual Backpack - (SHEILD19CBBLK),3.9,709,"1,157"
"Zebronics Techshield A1, 18 Liters, 1 Compartment Laptop Backpack and Front Pocket, fit Up to 15.6-inch Laptop, Polyester Fabric, Office Use and Mini Business Travel Bags (Black)",5,634,4
"EUME Ease - 31L Premium Laptop Bag for Men, Black | Built-in Massager, Water Resistant & Anti-Theft | Fits Up-to 15.6"" MacBook | Travel Bag | Business Bag |Office Bag for Men & Women",3.8,"5,599",23
THE CLOWNFISH Large Capacity Expandable Water Resistant Business Travel Laptop Backpack (Black),3.7,"4,699",11
"EUME Ease - 31L Premium Laptop Bag for Men, Black | Built-in Massager, Water Resistant & Anti-Theft | Fits Up-to 15.6"" MacBook | Travel Bag | Business Bag |Office Bag for Men & Women",3.8,"5,599",23
Safari Seek 45 Ltrs Overnighter Expandable Travel Laptop Backpack,4.5,"2,227","7,383"
Half Moon Large 37L Laptop Bag Backpack for men? Women Boys and Girls Luggage Travel Bags with 17.3 inches Laptop Compartment & Rain Cover,3.9,849,"3,442"
NIVIA Deflate Round 01 Polyester Gym Bag/Unisex Gym Bags/Adjustable Shoulder Bag for Men/Duffle Gym Bags for Men/Carry Gym Accessories/Fitness Bag/Sports &Travel Bag/Gym kit Bag (Black),4.2,459,"7,604"
"Genie Spray School Bag for Girls, 19 inch Backpack for Women, 3 compartments Water Resistant Stylish and Trendy College Backpacks for Girls",4,"1,155","1,657"
Tabelito® Basic Laptop Bag Laptop Cover Laptop Bags Laptop Sleeve Office Bag Laptop Bag 15.6 inch(39.6cm) Laptop Apple/Lenovo/Asus/Hp/MacBook/Thinkpad/Ideapad (Grey),4.1,299,"2,398"
NORTH ZONE Northzone Sling Cross Body Travel Office Business Messenger One Side Shoulder Pouch Bag Money Bag for Men and Women,3.8,249,67
BEAUTY GIRLS BY HOTSHOT1566|School Bag|Tuition Bag|College Backpack|ForGirls&Women|17Inch|32L Waterproof School Bag,4.1,740,195
Martucci Jersey 45L Casual Waterproof Laptop Backpack/Office Bag/School Bag/College Bag/Business Bag/Unisex Travel Backpack,3.6,809,169
"uppercase SealPro Professional Laptop Backpack (15.6 Inch) 3x more water resistant sustainable bags with rain proof zippers & Anti-theft for Men, Women, Boys and Girls, 750 Days warranty",4.5,"1,900",78
Red Lemon Medium Size Unisex Adult Bange Series Rhombus Shell Design Waterproof Sling Bag With Usb Charging,4.2,"1,899",93
"SHALIMAR large capacity Travel bag / Storage bag / Move-in bags/ Duffel Bag - Strong, Durable , Foldable and Water Resistant ( Pack of 1 ) ( Blue )",4.1,305,495
ADISA 32 Ltrs Water Resistant Casual Travel Bagpack/College Backpack/School Office Bag for Men and Women,3.9,499,"4,123"
ADISA Large laptop backpack office bag college travel back pack with USB,3.8,499,103
"AirCase Laptop Bag Backpack Case Pouch for Laptop Backpack for Men & Women,Premium Vegan Leather",3.9,929,"1,095"
"Safari Spartan 21 Ltrs Water Resistant Backpack - Teal, S (SPARTAN19CBTEA)",3.8,609,955
"STRABO Cooper for Boys Girls Stylish Men and Women Casual 15"" inch 25L CANVAS Laptop BACKPACK | Office, College, Travel Bag",4.3,699,67
"Frantic Soft Cartoon Animal Velvet Plush School Backpack Bag For 2 To 5 Years Boys/Girls - Nursery, Preschool, Picnic",3.8,309,"4,614"
Half Moon 35 L Casual Waterproof Laptop Bag/Backpack for Men Women Boys Girls/Office School College Teens & Students with Rain Cover (18 Inch) (Sky Blue),3.6,699,104
"ZEBRONICS Techshield A3, 23 Liters 2 Compartment Laptop Backpacks Fit Up to 15.6-inch Laptop Polyester Fabric Office Use and Mini Business Travel Bags (Black)",5,799,6
"Amazon Basics Opel 15.6-Inch Laptop Backpack for Office or College (20 L, Black)",4.2,639,146
THE CLOWNFISH Large Capacity Expandable Water Resistant Business Travel Laptop Backpack (Black),3.7,"4,699",11
"EUME Ease - 31L Premium Laptop Bag for Men, Black | Built-in Massager, Water Resistant & Anti-Theft | Fits Up-to 15.6"" MacBook | Travel Bag | Business Bag |Office Bag for Men & Women",3.8,"5,599",23
Safari Seek 45 Ltrs Overnighter Expandable Travel Laptop Backpack,4.5,"2,227","7,383"
Half Moon Large 37L Laptop Bag Backpack for men? Women Boys and Girls Luggage Travel Bags with 17.3 inches Laptop Compartment & Rain Cover,3.9,849,"3,442"
NIVIA Deflate Round 01 Polyester Gym Bag/Unisex Gym Bags/Adjustable Shoulder Bag for Men/Duffle Gym Bags for Men/Carry Gym Accessories/Fitness Bag/Sports &Travel Bag/Gym kit Bag (Black),4.2,459,"7,604"
"Genie Spray School Bag for Girls, 19 inch Backpack for Women, 3 compartments Water Resistant Stylish and Trendy College Backpacks for Girls",4,"1,155","1,657"
Tabelito® Basic Laptop Bag Laptop Cover Laptop Bags Laptop Sleeve Office Bag Laptop Bag 15.6 inch(39.6cm) Laptop Apple/Lenovo/Asus/Hp/MacBook/Thinkpad/Ideapad (Grey),4.1,299,"2,398"
NORTH ZONE Northzone Sling Cross Body Travel Office Business Messenger One Side Shoulder Pouch Bag Money Bag for Men and Women,3.8,249,67
BEAUTY GIRLS BY HOTSHOT1566|School Bag|Tuition Bag|College Backpack|ForGirls&Women|17Inch|32L Waterproof School Bag,4.1,740,195
Martucci Jersey 45L Casual Waterproof Laptop Backpack/Office Bag/School Bag/College Bag/Business Bag/Unisex Travel Backpack,3.6,809,169
"uppercase SealPro Professional Laptop Backpack (15.6 Inch) 3x more water resistant sustainable bags with rain proof zippers & Anti-theft for Men, Women, Boys and Girls, 750 Days warranty",4.5,"1,900",78
Red Lemon Medium Size Unisex Adult Bange Series Rhombus Shell Design Waterproof Sling Bag With Usb Charging,4.2,"1,899",93
"SHALIMAR large capacity Travel bag / Storage bag / Move-in bags/ Duffel Bag - Strong, Durable , Foldable and Water Resistant ( Pack of 1 ) ( Blue )",4.1,305,495
ADISA 32 Ltrs Water Resistant Casual Travel Bagpack/College Backpack/School Office Bag for Men and Women,3.9,499,"4,123"
ADISA Large laptop backpack office bag college travel back pack with USB,3.8,499,103
"AirCase Laptop Bag Backpack Case Pouch for Laptop Backpack for Men & Women,Premium Vegan Leather",3.9,929,"1,095"
"Safari Spartan 21 Ltrs Water Resistant Backpack - Teal, S (SPARTAN19CBTEA)",3.8,609,955
"STRABO Cooper for Boys Girls Stylish Men and Women Casual 15"" inch 25L CANVAS Laptop BACKPACK | Office, College, Travel Bag",4.3,699,67
"Frantic Soft Cartoon Animal Velvet Plush School Backpack Bag For 2 To 5 Years Boys/Girls - Nursery, Preschool, Picnic",3.8,309,"4,614"
Half Moon 35 L Casual Waterproof Laptop Bag/Backpack for Men Women Boys Girls/Office School College Teens & Students with Rain Cover (18 Inch) (Sky Blue),3.6,699,104
"ZEBRONICS Techshield A3, 23 Liters 2 Compartment Laptop Backpacks Fit Up to 15.6-inch Laptop Polyester Fabric Office Use and Mini Business Travel Bags (Black)",5,799,6
"Amazon Basics Opel 15.6-Inch Laptop Backpack for Office or College (20 L, Black)",4.2,639,146
Laptop and Trolley Bag Together,,"4,000",
"uppercase Matrix Professional Anti-theft Laptop Backpack (15.6 Inch) 3x more water resistant sustainable bags with rain proof zippers for Men, Women, Boys and Girls, 750 Days warranty",4.2,"2,300",62
motherly Stylish Babies Diaper Bags for Mothers - Economical Version (Grey and Pink),4.6,"1,799","5,922"
Red Lemon Swisslook Polyester Bange Series 45L 15.6-inch Laptop Bags Backpack for Men and Women Semi Waterproof USB with Anti Theft Pocket Travel Backpack,4.3,"2,999","1,779"
"Safari Crew Overnighter Backpack, 40 Ltr Water Resistant Travel Laptop Bag, Black Polyester Backpack for Men and Women, Spacious Shoulder Bag for Travelling and Camping",4.3,"1,709",260
Half Moon 45L Hammer Waterproof Laptop Travelling Rucksack Trekking Backpack for Travel Journey bags for Men Women Boys & Girls with 17.3inch Laptop Compartment & Rain cover,4.1,"1,349","1,426"
high power 15.6 inch Laptop Bag Backpack Fashion Rucksack Casual Student School Bag Computer Bag College Bag Office Bag Business Bag Unisex Travel Backpack,3,625,46
Kore Regular Gym Bag,2.6,59,"2,012"
Half Moon 55 litres Travelling Laptop Bag/Rucksack Backpack for Luggage Travel Journey Trekking Hiking Bags for Men Women Boys and Girls with Laptop Compartment & Rain Cover,4,979,579
"WILD MODA Women's Shoulder Bag, Set of 1",4.2,849,"3,368"
WALKENT Stylish & Durable 15.6" Laptop Bag | Anti-Theft Pocket | Waterproof Fabric & Zipper | Side Bottle Pocket | 2 Compartment | For Men & Women,,"2,790",
AmazonBasics - Casual Backpack/Office Bag/ for a 15.6-inch Laptop,4,699,377
NORTH ZONE Casual Waterproof Laptop Backpack/Office Bag/School Bag/College Bag/Business Bag/Travel Backpack (Dimensions:13x18 inches) (Compatible with 39.62cm(15.6inch laptop) 30 L (Blue & black),4.6,486,3
AmazonBasics - Mini Backpack for Outdoor Use (12 l) (Black),3.7,279,616
"Fur Jaden 15.6 Inch Laptop Backpack 25 LTR Bag for School, College and Office with USB Charging Port",3.9,479,"10,362"
"TRUE HUMAN® Emperor Anti-Theft Pocket backpack With USB charging Port Laptop,office,college,travel bag for men and women(Epower)",3.7,599,262
Half Moon Aztec 37L School Bag Class 5-12 | College Bagpack for Men/College Back pack for Women | 15.6 inch Laptop Bag for Men/Backpack for Men | Spacious & Multiple Pockets,3.6,649,231
"Mi Step Out 12 L Mini Backpack (Small Size, Red, Water Repellant)",4.1,398,"9,708"
Gear Polyester 23 Cms Travel Bag(DUFCRSTNG4314_Khaki),4.1,478,561
"FUR JADEN 15.6 Inch Smart Laptop Backpack Bag With USB Charging Port, Anti Theft Pocket and Accessories Organiser for Men Women Boys Girls",4.1,"1,329",696
"uppercase 26 Ltrs Ryder Professional Laptop Backpack (15.6 Inch) 3x more water resistant sustainable bags with rain proof zippers for Men, Women, Boys and Girls, 750 Days warranty",4.3,"2,400",78
"uppercase Laptop Backpack Printed Compact 3x more water repellent sustainable bags with rain proof zippers for Men, Women, Boys & Girls(Pink)",4.4,"1,200",35
"uppercase Apex Professional Laptop Backpack (15.6 Inch) 3x more water resistant sustainable bags with rain proof zippers for Men, Women, Boys and Girls, 750 Days warranty",4.4,"1,800",89
"UPPERCASE Sigma Professional Laptop Backpack (15.6 Inch) 3x more water resistant sustainable bags with rain proof zippers for Men, Women, Boys and Girls, 750 Days warranty",4.7,"2,100",24
"Fur Jaden 15.6 Inch Laptop Backpack 25 LTR Bag for School, College and Office with USB Charging Port",3.9,479,"10,362"
"TRUE HUMAN® Emperor Anti-Theft Pocket backpack With USB charging Port Laptop,office,college,travel bag for men and women(Epower)",3.7,599,262
Half Moon Aztec 37L School Bag Class 5-12 | College Bagpack for Men/College Back pack for Women | 15.6 inch Laptop Bag for Men/Backpack for Men | Spacious & Multiple Pockets,3.6,649,231
"Mi Step Out 12 L Mini Backpack (Small Size, Red, Water Repellant)",4.1,398,"9,708"
Kuber Industries Marvel Avengers School Bag for Kids|Stylish Backpacks for Kids|Rexine Waterproof Shoulder Straps Bag (Blue),3.9,664,73
F Gear Raider 30 Liter Backpack with Rain Cover (.Marpat Navy Digital Camo),4.2,832,"3,041"
DZert Clasy Laptop Bag College Bag for Boys Girls 21 L Blue White,3.8,339,"2,544"
Trajectory 15.6 Inch Vegan Leather Messenger Laptop bag for men in Office for all laptop like Apple MacBook with 2 Years Warranty and Spacious Multiple Compartment with Expandable Bottom Used as Shoulder and Handbag for Men,4.1,"1,399",501
WALKENT Stylish & Durable 15.6" Laptop Bag | Anti-Theft Lock & Pocket | Waterproof | Side Bottle Pocket | 2 Compartment | Men & Women | Office & College,,"1,490",
FRBG-NAVY BLUE LAPTOP BACKPACK,5,799,1
Frantic Velvet Kids School/Nursery/Picnic/Carry/Travelling Bag - 2 to 5 Year Age,3.8,299,"2,124"
Martucci Large 35 L Backpack Spacy Unisex/College/School/Travel Backpack with Rain Cover and Reflective Strip,4,746,"1,258"
MOKOBARA The Transit Backpack - 30L Premium Nylon 15.6" Unisex Laptop Bag With Luggage Sleeve,4.5,"4,999",652
Lunar's Bingo - 48 L Laptop Office/School/Travel/Business Backpack Water Resistant - Fits Up to 15.6 Inch Laptop Notebook with 1 Year Warranty,3.9,819,"10,096"
F Gear String 11 Ltrs Nylon Black Gym Bag,4,190,591
"Bennett Casual Laptop Bag School Bags for Boys Girls 15.6-inch, 25 LTR Office & College bags for Mens Water Repellent Backpack for Men & Women (GREY)",3.9,512,712
"Golden Wolf Laptop Bag Anti-theft Backpack with Lock College School Laptop Backpack with Rain Cover Water Resistant Business Backpack with USB Port for 15.6-inch Laptop Office Travel Bag for Men and Women Gifts, Dark Grey",4.4,"1,999","3,501"
Bennett™ Mystic 15.6 inch (39.6cm) Laptop Briefcase Shoulder Sling Office Business Professional Travel Messenger Bag for Men and Women Water Repellent Formal Executive Bags (Grey) 6 Months Warranty,4,749,"6,454"
"Amazon Basics - Laptop Backpack/College Bag/Travel Bag for 15.6-inch Laptop, Water-Resistant, Casual",3.5,"1,669",36
"SPENZ BAGS Travel Laptop Backpack for Women & Men|Carry On Bag, College & School Students Bookbag With Raincover",4,845,161
"Arctic Hunter Hard-Top 15.6"" Laptop Bag 21L (Model Secure) Anti-Theft Built-in Combination Lock, Waterproof for Office, College, Men, Women",4.3,"3,990",40
uppercase 14 Ltrs Medium (14.6 Inch) Laptop Backpack 2100EBP1 Roll Top Office College 3x More Water Repellent Sustainable Bags With Rainproof Zippers For Unisex,4.2,"1,000",179
"Bennett Casual Laptop Bag School Bags for Boys Girls 15.6-inch, 25 LTR Office & College bags for Mens Water Repellent Backpack for Men & Women (GREY)",3.9,512,712
"Golden Wolf Laptop Bag Anti-theft Backpack with Lock College School Laptop Backpack with Rain Cover Water Resistant Business Backpack with USB Port for 15.6-inch Laptop Office Travel Bag for Men and Women Gifts, Dark Grey",4.4,"1,999","3,501"
Bennett™ Mystic 15.6 inch (39.6cm) Laptop Briefcase Shoulder Sling Office Business Professional Travel Messenger Bag for Men and Women Water Repellent Formal Executive Bags (Grey) 6 Months Warranty,4,749,"6,454"
F Gear String 11 Ltrs Nylon Black Gym Bag,4,190,591
"ROZEN 47 Ltrs, 46 cms School Bag Class 5-12 Large 5 partition Laptop Collage Office Travel Backpack Unisex",4,697,200
Nelle Harper Women's Handbag,3.7,959,"1,923"
"Tabelito® NEO 3O L Water Resistant Laptop/College/Office/School/Travel/Business Bag, Unisex Backpack for Men Women Fits Up to 15.6 Inch Laptop Notebook.",4,399,191
"Safari Tribe 35 Ltrs Large Laptop Backpack with 3 Compartments, Water Resistant Fabric - Black (TRIBE19CBBLK)",3.8,"1,109","1,712"
BORA Bag nano17 Waterproof Laptop Backpack/Office Bag/School Bag/College Bag/Business Bag/Travel Blue Yellow Casual Utility Backpack (Leather Edition),4.1,459,9
Laptop Backpack Multiple Compartments Padded Shoulder Straps Or Durable Fabric,,699,
Tinytot School Bag School Backpack College Backpack Travel Backpack Office Backpack Multipurpose Backpack Picnic Bag for Boys & Girls for 2nd Standard onward,4.2,"1,139",165
satellite backpacks for men women backpack bags school bag boys under 35 ltr litres casual bagpack black,3.9,516,372
"Nivia 5227 Pulse Junior Bag, Others (Orange) (Aqua/Green)",3.7,294,250
"Genie Miami Laptop Backpack for Women,Tuition bag, 16 inches Office Bag, Sky Blue Stylish and Trendy Bag for Office and College",4.2,803,"1,485"
Half Moon Strike 35L Unisex Spacious School/Laptop/College/Office Travel Backpack Bag for Men Women Boys & Girls with 15.6 inch Padded Laptop Compartment & Multiple Pockets,3.8,699,630
TRUE HUMAN Anti-Theft and USB charging port backpack with security lock Laptop bag|office bag| for men and women (Grey),3.8,649,"1,908"
Half Moon 30L Water Resistant 15.6 inch Laptop Bag/Backpack for Men | School Bag for Boys Girls | Office Bag pack for Men/Office Back Packed for Women with Padded Laptop Compartment,3.5,599,88
WILDHORN Laptop Backpack for Men/Women I Waterproof I Travel/Business/College Bookbags Fit 15.6 Inch Laptop,4,799,280
"ZEBRONICS Techshield A3, 23 Liters 2 Compartment Laptop Backpacks Fit Up to 15.6-inch Laptop Polyester Fabric Office Use and Mini Business Travel Bags (Pear Green)",5,799,6
"uppercase SealPro Professional Laptop Backpack (15.6 Inch) 3x more water resistant sustainable bags with rain proof zippers & Anti-theft for Men, Women, Boys and Girls, 750 Days warranty",4.5,"1,900",78
"uppercase Matrix Professional Anti-theft Laptop Backpack (15.6 Inch) 3x more water resistant sustainable bags with rain proof zippers for Men, Women, Boys and Girls, 750 Days warranty",4.2,"2,300",62
Pinklips Shopping korean band boys girls Theme Fan Art Laptop Bag Casual School Backpack (COMBO OF 3-SIZE BAGS) - PINKBAGS_777,3.7,"1,399",39
"FATMUG Polyester Foldable Duffle Travel Bag Luggage For Travel, Packing And Storage - Men And Women - (60 L, Black)",4.2,"1,099","1,460"
30 L Waterproof Laptop/College/School/Office Bag Backpack for Men Women Boys Girls with Rain Cover (Navy_Blue),3.4,486,9
"Lunar's 35 L Laptop Office/School/Travel/Business Backpack Water Proof - Fits Up to 15.6 Inch Laptop Notebook, With Raincover, Inside Organiser and 1 Year Warranty (All)",3.8,778,"1,138"
Priority ARC 56 cm Red Polyester 2 Wheel Duffle Trolley Bag | Travel Luggage for Men & Women,4.1,699,328
"ASUS TUF Gaming VP5700 46.14 cm Backpack (Black), with Water Repellent Fabric, Suitable for up to 43.18 cm Laptop",4.4,"1,289",257
ADISA Women Girls Floral Print Round Sling Bag,4.2,390,950
"Bennett Casual Laptop Bag school bags for boys girls 15.6-inch, 25 LTR Office & College bags for mens Water Repellent Backpack for Men & Women (Black)",3.9,799,712
FUR JADEN Vegan Leather 30L 15.6 Inch Laptop Backpack for Men Women for Office Professionals and College Students,4.2,839,"2,342"
Forever 35 L Blueno Laptop Backpack (Black),,999,
"XForce Plaza Bangtan Boys KPOP Casual Backpack,USB and Audio Cable Interface Breakers Suitable for Students Laptop Backpack",3.9,"1,299",22
Safari Large Size 32 Ltrs Casual Backpack-Black,4,"1,009","1,079"
Gear Turbo 45L Expandable Water Resistant Antitheft Laptop Bag/Backpack/Briefcase For Men/Women With Raincover (Grey),4.4,"1,794","1,121"
"Amazon Basics Water Repellent and Wear Resistant Laptop Backpack - 24L, Blue",4.2,649,505
Gear Vintage2 28L Medium Size Faux Leather Water Resistant Anti Theft Unisex LaptopBackpack- Navy,4.4,969,"3,351"
"Storite Nylon 44 cms Imported Travel Duffle Bag Sports Gym Shoulder Bag for Women with Wet Pocket & Shoe Compartment Weekender Overnight Travel Luggage Bag (Grey, 44 x 18 x 29 cm)",4.1,"1,199",226
Lavie Women's Odiase Medium Satchel Bag | Ladies Purse Handbag,4.1,"1,099","1,515"
"FUR JADEN Anti Theft Number Lock Backpack Bag with 15.6 Inch Laptop Compartment, USB Charging Port & Organizer Pocket for Men Women Boys Girls",4.4,799,121
"Tabelito® NEXA 3O L Water Resistant Laptop/College/Office/School/Travel/Business Bag, Unisex Backpack for Men Women Fits Up to 15.6 Inch Laptop Notebook. (GREY)",4.2,399,115
"uppercase Laptop Backpack Printed Compact 3x more water repellent sustainable bags with rain proof zippers for Men, Women, Boys & Girls, 750 Days warranty (Blue)",4.1,"1,350",102
"uppercase Laptop Backpack 1600EBP Compact 3x more water repellent sustainable bags with rain proof zippers for Men, Women, Boys and Girls, 750 Days warranty",4,950,235
uppercase Nexus Professional Anti-Theft Overnighter Travel Laptop Backpack,4.9,"2,500",11
Pramadda Pure Luxury Elegant Vegan Leather 15.6 Inch Laptop Backpack for Men Women | Trendy Bags for Office College School Travel | Three Compartment Tourister Leather Bags. (Choco Brown),4.3,"1,399",11
Safari Large Size 32 Ltrs Casual Backpack-Black,4,"1,009","1,079"
Gear Turbo 45L Expandable Water Resistant Antitheft Laptop Bag/Backpack/Briefcase For Men/Women With Raincover (Grey),4.4,"1,794","1,121"
"Tabelito® DELTA Casual Waterproof Laptop Backpack/Office Bag/School Bag/College Bag/Business Bag/Unisex Travel Backpack (Compatible with 15.6 inch Laptop) 30 L, (6 Month Warranty)",4.4,599,198
"Storite Nylon 44 cms Imported Travel Duffle Bag Sports Gym Shoulder Bag for Women with Wet Pocket & Shoe Compartment Weekender Overnight Travel Luggage Bag (Grey, 44 x 18 x 29 cm)",4.1,"1,199",226
"Tabelito® DELTA Casual Waterproof Laptop Backpack/Office Bag/School Bag/College Bag/Business Bag/Unisex Travel Backpack (Compatible with 15.6 inch Laptop) 30 L, (6 Month Warranty)",4.2,599,123
URBAN CARRIER Large 45 Liters Medium Backpack for school and colleges laptop bag luggage bag travel bag Unisex office bag for men Waterproof School Bag for girls stylish backpack for men,3.9,579,504
Lavie Women's Odiase Medium Satchel Bag | Ladies Purse Handbag,4.1,"1,099","1,515"
"Tabelito® NEO 3O L Water Resistant Laptop/College/Office/School/Travel/Business Bag, Unisex Backpack for Men Women Fits Up to 15.6 Inch Laptop Notebook.",4,399,191
"Fancyku® School Bag for Girls School Backpack Cartoon Cinnamon Dog School Bookbag Travel Backpack for Primary Students, Preschool Students Kindergarten Children Kids School Gift Birthday Gifts",,"1,299",
"UHIBBUK 45L Water Resistant 15.6 inch Laptop Bag for Men/Backpack for Men, Black | Office Bag for Men/Office Bag for Women with Padded Laptop Compartment | Rain Cover 2.0",,599,
Half Moon Strike 35L Unisex Spacious School/Laptop/College/Office Travel Backpack Bag for Men Women Boys & Girls with 15.6 inch Padded Laptop Compartment & Multiple Pockets,3.6,699,28
"Genie Heartbeat Backpack for Women 3 compartments, School Bags for Girls, Stylish and Trendy College Backpacks for Girls, Water Resistant and Lightweight Bags for Office and Travelling Purpose.",4.4,753,294
Arctic Hunter Backpack for Men Premium Business Backpack Office Travel Laptop Bag with 15.6 Inch Laptop Pocket Water/Scratch-resistant Multiple Pocket Comfortable and Padded Backpack for Men,4.4,"5,699",174
F Gear Burner Art Lthr Black 22 Ltrs Laptop Backpack (3344),4.3,978,498
"POLESTAR Dynamic 25 L Bag for College, School, Office, Casual Backpack with 15.6"" Laptop Compartment, Unisex, Stylish & Durable, 1 year warranty",3.5,749,293
ADISA Laptop Backpack 31 Ltrs,4,399,"9,044"
American Tourister Spin 49 cms Teal Laptop Backpack,4,"1,699","1,494"
Gear Superior 16LWater Resistant School Bag//Backpack/College Bag for Men/Women - Black,4,350,333
COSMUS Eternal Laptop Backpack 20 Ltrs Polyester Bags for 15.6-inch Laptops,3.2,952,18
"EUME Kevin 26 Liters 2 Compartment Laptop Backpacks Fit Up to 15.6-inch Laptop Polyester Fabric College, Office Work and Mini Business Trip Travel Bags",4.3,"1,799",78
"Safari Seek 32 Ltrs Overnighter Travel Laptop Backpack (Blue), Water Resistant Spacious Bag for Travelling and Camping, All-Purpose Bag for Business & Leisure",4.3,"1,959",186
"uppercase Medium 21L Quilted Laptop Backpack 2500EBP2 3x more water repellent sustainable bags with rain proof zippers for Men, Women, Boys and Girls, 750 Days warranty",4.6,"1,400",18
Posshusa Anti Theft Laptop Bag with USB Cable and Built in Charging Laptop Backpack,3.2,540,7
DZert School Bag Backpack 30 Liters for Boys/Girls Polyester Lightweight Bag (Pink),3.6,319,"1,934"
"HYDER 35L Latest And Trendy Stylish Waterproof College/Casual/School Bag/Backpack For Kids, Boys, Girls, Men And Women | Best Bags For Everyday Use",4.2,729,163
"ZAmaizoom Unisex Casual Waterproof Small Size Single Compartment Outdoor Mini Backpack For Gym, College, Drawing Class, Short Tour, Office Tiffin and So Many Purpose (12-15 L, SEA GREEN, SGP2 Model)",3.8,249,"1,104"
Boldfit Waist Bag for Men Fanny Pack for Women Fanny Pack for Men Waist Bag for Women Chest Bag for Women Waist Pouch for Men Waist Bag for Boys Waist Bags for Girls Fanny Bag - Black,4.2,299,"1,041"
"Fast Travel 45 Ltrs, 46 cms School Bag Class 5-12 Large 4 partition Laptop Collage Office Travel Backpack Unisex",4.1,692,"1,010"
ADISA 15.6 inch laptop backpack office bag college travel back pack 32 Ltrs,3.9,499,"1,152"
Dell Essential Backpack 15 (ES1520P),4,"1,149","6,516"
ZaySoo Stylish Casual Laptop Backpack/Office Bag/College Bag/Business Bag/Travel Backpack - Black,,499,
"Ultima Moda Laptop Backpack, Work Bag Lightweight Bag Anti Theft Business Backpack, Gift for Men and Women, (31 Liter)",,649,
DIVULGE Spark Polyester Daypack Drawstring Rucksack Backpack With Zip Pocket (Black Drawstring 2.0),4.1,199,110
"SFANE Polyester Red Duffel Gym Bag, Shoulder Bag, Sports Bag for Men & Women with Separate Shoe Compartment (Black) (Red) Set Of 1",4.3,387,379
"HP Lightweight 200 15.6-inch Laptop Backpack with Padded Shoulder Straps, Green",4.3,"1,499",278
Murano Louis 10ltr Casual daybackpack/Office & Travel Bag/School Bag/College Bag/Men/Women/Girl/Boy (Orange),3.1,269,71
"TRUE HUMAN® EMPEROR 15.6 inch laptop bag with USB charging port Laptop bag,office bag, college bags anti theft (CAPTAIN)",3.9,649,21
"DIVULGE Thunder Drawstring Daypack bag, Sports bag, Gym bags With Zip pocket (16 L Backpack)",4,179,265
Safari Polyester 24 Cms Travel Bag(KRYPTON17DFBLU_Blue),3.7,517,72
Gear Classic 20L Faux Leather Water Resistant Anti Theft Laptop Bag/Backpack for Men/Women-Black,4.4,979,"2,735"
"uppercase Medium 20 Ltrs Casual (14.6 inch) Laptop Backpack 2000EBP1 3x more water repellent sustainable bags with rain proof zippers for Men, Women, Boys and Girls, 750 Days warranty",3.8,"1,000",32
"Safari Crew Overnighter Backpack, 40 Ltr Water Resistant Travel Laptop Bag, Black Polyester Backpack for Men and Women, Spacious Shoulder Bag for Travelling and Camping",4.3,"1,709",260
Victorinox 28 cms Blue Laptop Backpack (31105209),4.4,"6,720",18
"Safari Seek 32 Ltrs Large Overnighter Travel Laptop Backpack, Water Resistant Spacious Bag for Travelling and Camping, All-Purpose Bag for Business & Leisure- Black",4.4,"1,959",271
Gear Classic 20L Faux Leather Water Resistant Anti Theft Laptop Bag/Backpack for Men/Women-Black,4.4,979,"2,735"
"SFANE Polyester Red Duffel Gym Bag, Shoulder Bag, Sports Bag for Men & Women with Separate Shoe Compartment (Black) (Red) Set Of 1",4.3,387,379
ERHETUS Stylish Portable Lazy Cosmetic Bag with Drawstrings | Convenient & Waterproof Makeup Pouch for Girls | Large Capacity Storage Pouches | Toiletry Bags for Women (Navy Flamingo),4.3,209,215
Murano Louis 10ltr Casual daybackpack/Office & Travel Bag/School Bag/College Bag/Men/Women/Girl/Boy (Orange),3.1,269,71
Lunar's Comet 35L Water Resistant Travel Bagpack/College Backpack/School Bag/Office Bag/Business Backpack/Daypack for Men and Women with 1 Year Warranty,4,778,"13,643"
"TRUE HUMAN® EMPEROR 15.6 inch laptop bag with USB charging port Laptop bag,office bag, college bags anti theft (CAPTAIN)",3.9,649,21
Martucci Large 35 L Backpack Spacy Unisex/College/School/Travel Backpack with Rain Cover and Reflective Strip,4,758,"1,258"
Safari Polyester 24 Cms Travel Bag(KRYPTON17DFBLU_Blue),3.7,517,72
Veneer Vegan Genuine Leather Backpack 15.6 Inch Laptop Backpack Business Travel Laptop Backpack for Mens and Womens,5,"1,984",1
"Dolfin WaterProof Unisex Laptop Backpack 32L with USB Charging Port C, 15.6 inch Compartment, Water-Resistant and Scratch Resistant, Premium Material Laptop Office Bag for Men and Women",5,"1,699",3
ADISA 32L large laptop backpack office bag college travel back pack with rain cover,3.7,599,54
"POLESTAR Amaze 15.6 inch 30 LTR Casual Laptop Backpack/Office Bag/School Bag/College Bag/Business Bag/Unisex Backpack, Water Resistant and Light Weight, 1 year Warranty",4,589,"6,111"
Martucci 16 inch 36L Casual Waterproof Backpack/Office Bag/School Bag/College Bag/Business Bag/Unisex Travel Backpack,3.8,599,199
"POLESTAR Ranker 15.6 inch 32 LTR Casual Laptop Backpack/Office Bag/School Bag/College Bag/Business Bag/Unisex Backpack, Water Resistant and Light Weight, 1 year Warranty",4.1,709,"7,586"
Half Moon 34 L Water Resistant 15.6 inch Laptop Bag/Backpack for Men Women Boys Girls/Office School College with Padded Laptop Compartment (Grey),3.9,698,"1,369"
"Sfane Polyester 9.05 Black Men & Women Trendy Black Sports Duffle Gym Bag, Shoulder Bag",4.2,327,"1,266"
"POLESTAR Leader 34 L Bag for College, School, Office, Casual Multipurpose Backpack with 15.6"" Laptop Compartment, Water Resistant, Unisex Design, Stylish & Durable, 1 Year Warranty",4.1,639,"3,541"
Hyper Adam 65 LTR Rucksack Travel Backpack for Outdoor Sport Hiking Trekking Bag Camping Rucksack,4.2,"1,091","4,223"
"uppercase 22 Ltrs Large (14.6 inch) Laptop Backpack 2900EBP1 Bucket Outdoor 3x more water repellent sustainable bag with Rainproof zipper & Detachable organizer for Men, Women, Boys and Girls , 750 Days warranty",4.4,"1,600",31
uppercase Medium 21 Ltrs Office Overnighter (14.6 inch) Laptop Backpack 2700EBP1 3x More Water Repellent Sustainable Bags with Rain Proof Zippers Maroon,3.7,"1,550",32
"Forever Alpha Laptop Backpack | Designed for Office, School College & Travel",,659,
Forever 35 L Greyon Laptop Backpack (Grey),,999,
Half Moon 30L Waterproof 15.6 inch Laptop Office School College Bag Backpack for Men Women Boys & Girls,3.6,589,382
"POLESTAR Ranker 15.6 inch 32 LTR Casual Laptop Backpack/Office Bag/School Bag/College Bag/Business Bag/Unisex Backpack, Water Resistant and Light Weight, 1 year Warranty",4.1,709,"7,586"
"Sfane Polyester 9.05 Black Men & Women Trendy Black Sports Duffle Gym Bag, Shoulder Bag",4.2,327,"1,266"
MI Business Casual 21L Water Resistant Laptop Backpack,4.4,999,"1,392"
"TABELITO Casual Laptop Backpack 15.6-inch, 25 LTR Water Repellent",4,548,688
Wildcraft 29.5 Ltrs Green Casual Backpack (11650-Green),4.1,994,402
KILLER Louis 38L Large Laptop Backpack With 3 Compartments Polyester Trendy Waterproof Travel Backpack,4.4,"2,067","11,409"
"Puma Laptop Backpack (7548709, Limoges, 22 Ltrs)",4.3,919,788
Forever Navyno 35 L Blacken Laptop Backpack (Navy),,999,
BACDA Laptop Backpack Laptop Bags Casual 38L Office School Travel Business Bag Backpack for Men Women Boys Girls Fits 15.6 Inch Laptop and Notebook (1017) (Black-01),4.1,989,20
"POLESTAR Leader 34 L Bag for College, School, Office, Casual Multipurpose Backpack with 15.6"" Laptop Compartment, Water Resistant, Unisex Design, Stylish & Durable, 1 Year Warranty",4.1,639,"3,541"
Gear Parker 23L Water Resistant Anti Theft Laptop Bag/Backpack for Men/Women - Black,4.3,744,447
Gear Classic 20L Small Size Faux Leather Water Resistant Anti Theft Unisex Laptop Backpack- Tan-Black,4.4,979,"2,515"
Gear DOUBLE DECKER 31L Water Resistant Laptop Bag/Backpack/Office Bag for Men/Women (Navy-Tan),3.5,"1,019",25
DZert Kids School Bag Soft Plush Backpacks Cartoon Boys Girls Baby (2-5 Years),3.7,200,"3,192"
ZOUK Black Floral Printed Handmade Vegan Leather Women's Office Bag for 15.6 inch Laptop with double handles - FloMotif,4.3,"1,599","1,002"
Gear Vintage2 Anti Theft Faux Leather 18 cms Tan Laptop Backpack,4.3,979,"1,693"
"Skybags Unisex Polyester Solid Pattern Hustle Df 55 (Orange, Small)",4.4,"1,580",325
"XForce Plaza Bangtan Boys KPOP Casual Backpack,USB and Audio Cable Interface Breakers Suitable for Students Laptop Backpack",3.9,"1,299",22
Zipline Polyester 35Ltr Laptop Bags Backpack for Men and Women college girls boys fits 15.6 inch laptop,,"1,148",
Veneer Synthetic Leather 30 Litre Casual 15.6 Inch Laptop Shoulder Business Travel Backpack for Unisex,,"1,774",
Veneer Vegan Genuine Leather Backpack 15.6 Inch Laptop Backpack Business Travel Laptop Backpack for Mens and Womens,5,"1,984",1
Gear Vintage2 Anti Theft Faux Leather 18 cms Tan Laptop Backpack,4.3,979,"1,693"
"Skybags Unisex Polyester Solid Pattern Hustle Df 55 (Orange, Small)",4.4,"1,580",325
Asus BP1504 39.62 cm (15.6-inch) Laptop Backpack (Dark Grey),4.2,819,"1,738"
HYDER Kids 20L Cartoon Printed Best Stylish Lightweight Spacious Waterproof Casual/Picnic/Tuition/School Bag/Backpack for Children Boys And Girls,3.9,499,324
JAISOM Printed School/Collage/Picknic Bag-Backpack For Girls & Women | Casual Bagpack with Front Pocket | Office Laptop Bag | College Student Travel Bag (Printed),3.4,398,14
TAGUDA Travel Foldable Portable Lightweight Luggage Storage Duffle Tote Hand Organizer Easy Carry Bags Backpack Set for Men Women Travel Luggage (Mint Green Travel Bag),3.4,299,89
Gear Vintage2 28L Medium Faux Leather Water Resistant Anti Theft Unisex Laptop Backpack for Men/Women- Black,4.4,979,"1,878"
HARISSONS Bags Volt 15.6 inch Office Laptop Backpacks for Men and Women 24 Ltrs with 2 Front Zippered Pockets & Spacious Large Compartments | External USB Gate for easy Charging,4.1,"1,504",273
Forever Manifest Large 35 L Laptop Backpack Spacy unisex Backpack with rain cover (Navy Blue),,799,
Leather World Vegan Leather 15.6 inch Travel Bag College Laptop Backpack with Usb Charging port for Men and Women,3.7,799,6
"Safari 48 Cms Black Formal/Office/Laptop Backpack With Anti-Theft, Lock, Usb And Rfid (Vault19Cbblk)",4,997,895
"Frantic Kids Soft Cartoon Animal Travelling School Bag Soft Plush Backpacks Boys Girls Baby for 2 to 5 Years Baby/Boys/Girls Nursery, Preschool, Picnic(FullBody_SkyElehpant)",3.5,309,9
"DIVULGE Multi Utility Drawstring Bag (Black , 16 L)",4,145,"1,158"
F Gear Burner P8 19 Ltrs White Casual Laptop Backpack,4.3,854,"4,016"
Gear Bounce 27 Ltrs Water Resistant School Bag/Backpack/College Bag for Men/Women-Grey Orange,3.7,614,493
"Lenovo 15.6"" Professional Backpack, Made in India, Water-resistant,Uncompromised storage, Travel friendly:Fleece-lined PC compartment,Vented,Padded BackPanel & Adjustable shoulder straps,Luggage strap",4.2,"1,337",991
COSMUS Darwin 29 litres Office Backpack sleek everyday use backpack,4.3,"1,333","9,967"
Arctic Fox Kobra Gamer Laptop Backpack (Black),4.5,"1,997",825
"Red Lemon BANGE Captain Business Smart Backpack Waterproof fit 15.6 Inch Laptop Backpack with USB Charging Port,Travel Durable Backpack for Men and Women",4.5,"3,799",353
Pramadda Pure Luxury Italian Vegan leather Croco Backpack For Men and Women | 15.6" inch Laptop Bag For Office College Travel | Premium Bagpacks With Antique Brass Hardware (Elegant Black),4.7,"1,499",40
"Victorinox Altmont Professional Essential Laptop Backpack, Black, One Size",4.6,"12,400",218
Veneer Synthetic Leather 30 Litre Casual 15.6 Inch Laptop Shoulder Business Travel Backpack for Unisex,,"1,774",
Gear Workspace 18L Water Resistant Laptop Bag/Backpack/Office Bag for Men/Women-Black,4.2,907,345
TAGUDA Travel Foldable Portable Lightweight Luggage Storage Duffle Tote Hand Organizer Easy Carry Bags Backpack Set for Men Women Travel Luggage (Mint Green Travel Bag),3.4,299,89
ADISA 15.6 inch Laptop Backpack Office Bag College Travel Back Pack 32 Ltrs BP032 (Teal-Red),3.9,499,80
HARISSONS Bags Volt 15.6 inch Office Laptop Backpacks for Men and Women 24 Ltrs with 2 Front Zippered Pockets & Spacious Large Compartments | External USB Gate for easy Charging,4.1,"1,504",273
ADISA Large laptop backpack office bag college travel back pack with USB,3.8,499,103
"Frantic Kids Soft Cartoon Animal Travelling School Bag Soft Plush Backpacks Boys Girls Baby for 2 to 5 Years Baby/Boys/Girls Nursery, Preschool, Picnic(FullBody_SkyElehpant)",3.5,309,9
"DIVULGE Multi Utility Drawstring Bag (Black , 16 L)",4,145,"1,158"
Gear Bounce 27 Ltrs Water Resistant School Bag/Backpack/College Bag for Men/Women-Grey Orange,3.7,614,493
TRAVALATE 48 L TechWeekend Voyager Backpack Laptop Office/School/Travel/Business Backpack Water Resistant - Fits Up to 15.6 Inch Laptop Notebook with USB Charging Port,4,"1,098",1
NHQ FASHION Large 45 L Laptop Backpack Large 45 L Laptop Backpack Heavy Duty Traverse Collection Unisex Travel,,599,
"Kiditos (Pop It Bag Unicorn Shape Sling Bag) Crossbody Bag for Kids, Pop It Bag for Girls, Pop It Fidget Toy Shoulder Bag, Fidget Purse for Kids Stress Relief Toys, Multi",3.9,249,535
Dyazo Water Resistant Camera Backpack with Extra Front Pocket Photographers Bag with Rain Cover Tripod Holder Compatible for Sony Nikon Canon Panasonic DSLR (Black & Orange),4.3,799,520
Skybags Kick Unisex Adjustable Strap Polyester Laptop Backpack,4,"1,360",70
Arctic Fox Kobra Gamer Laptop Backpack (Black),4.5,"1,997",825
Fast Travel School Bag Class 5-10 Large 4 partition 45 L Laptop Collage Office Travel Backpack Unisex,4.1,620,"1,131"
"Wolpin Professional Large Cosmetic Makeup Kit Storage Organizer Travel Toiletry Vanity Bag with Big Compartment, Waterproof Makeup Brush Holder Portable (22.5 x 17 x 15 cm) Flamingo Design, Multicolor",4.1,239,471
Impulse rucksack bags 60 litres travel bag for men tourist bag for travel backpack for hiking trekking Bag for men camping thames blue bag with 1 Year Warranty,3.9,999,381
BAGELLO Waterproof Laptop College School Office Bag Backpack for Men Women Boys Girls with 15.6 inch Padded Laptop Compartment & Rain Cover (Black),4,596,2
"Zebronics Techshield A1, 18 Liters, 1 Compartment Laptop Backpack and Front Pocket, fit Up to 15.6-inch Laptop, Polyester Fabric, Office Use and Mini Business Travel Bags (Light Blue)",5,599,4
Veneer Vegan Genuine Leather Backpack 15.6 Inch Laptop Backpack Business Travel Laptop Backpack for Mens and Womens,5,"1,984",1
ASTRID Rectangle Multicompartment Backpack/Laptop Bag With Deatachable Sling,,"1,259",
"Red Lemon BANGE Captain Business Smart Backpack Waterproof fit 15.6 Inch Laptop Backpack with USB Charging Port,Travel Durable Backpack for Men and Women",4.5,"3,799",353
BAGELLO Waterproof Laptop College School Office Bag Backpack for Men Women Boys Girls with 15.6 inch Padded Laptop Compartment & Rain Cover (Black),4,596,2
Lavie Women's Beech Satchel Bag | Ladies Purse Handbag,4.2,"1,518","2,329"
SBCOLLECTION Premium School College Office Laptop Daily Use Backpack for All Day Traveler,3.6,179,13
Lavie Women's Ushawu Satchel Bag | Ladies Purse Handbag,4.1,"1,099","7,021"
Meek 35L Water Resistant 15.6 inch Office Laptop Bag for Men & Women with Padded Laptop Compartment Rain Cover & Reflective Strips,,499,
LAPTOP BAG 20 INCHES | LAPTOP BACKPACK | MULTI-COLOURED LAPTOP BACKPACK,,315,
Skybags Chase 32L Unisex Adjustable Strap Polyester Red Backpacks,4.2,"1,154",100
"HP Essentials Polyester Black, Grey Laptop Backpack",4.1,"1,199",299
TRAVALATE 48 L TechWeekend Voyager Backpack Laptop Office/School/Travel/Business Backpack Water Resistant - Fits Up to 15.6 Inch Laptop Notebook with USB Charging Port,4,"1,098",1
NHQ FASHION Large 45 L Laptop Backpack Large 45 L Laptop Backpack Heavy Duty Traverse Collection Unisex Travel,,599,
Travel Point 25L Double-Line Backpack | Laptop Backpack | School Bag | School Backpack | Travel Backpack | Office Backpack | Multipurpose Backpack For Men & Women with 1 Year Warranty,3.9,625,33
"Tabelito® NEXA 3O L Water Resistant Laptop/College/Office/School/Travel/Business Bag, Unisex Backpack for Men Women Fits Up to 15.6 Inch Laptop Notebook. (GREY)",4.2,399,115
"TEESTA Waterproof Travel Casual Large Capacity 17.5 Inch Backpack Teenage Girls Laptop Rucksack Fashion School Bag with Small Case for Men/Women/Student/Gym(Black,1-Pcs)",4.4,"1,299",14
Dybbuk Lightweight school bags Backpacks for Boys Girls Stylish men and women Casual Travel Laptop Bag College office (Navy Blue) 40L,3.6,647,35
"Safari Seek 32 Ltrs Large Overnighter Travel Laptop Backpack, Water Resistant Spacious Bag for Travelling and Camping, All-Purpose Bag for Business & Leisure- Black",4.4,"1,959",271
F Gear Milestone Olive Casual 20 Ltrs Laptop Backpack (3376),4,"1,155",827
Bennett™ Mystic Unisex Adult Men's Laptop Bag 15.6 inch Side Shoulder Briefcase Satchel Messenger Business Bags for Men & Women Front Pocket for Laptop Accessories - Black (6 Month Warranty),4,512,"6,454"
"uppercase Apex Professional Laptop Backpack (15.6 Inch) 3x more water resistant sustainable bags with rain proof zippers for Men, Women, Boys and Girls, 750 Days warranty",4.4,"1,800",89
Red Lemon Bange Hawkeye Multi Functional Water Proof Anti Theft 15.6 inch Laptop Backpack for Men and Women,3.8,"3,799",63
"uppercase 22 Ltrs Large (14.6 inch) Laptop Backpack 2900EBP1 Bucket Outdoor 3x more water repellent sustainable bag with Rainproof zipper & Detachable organizer for Men, Women, Boys and Girls , 750 Days warranty",4.4,"1,600",31
Laptop Backpack Multiple Compartments Padded Shoulder Straps Or Durable Fabric,,699,
Chris & Kate Spacious 35 Ltrs Backpack for School College Everyday Bag With Laptop Compartment Casual Backpack for Boys and Girls,5,899,1
AFN FASHION 70L Travel Backpack Hiking Bag Adventure Camping Trekking Bag Rucksack -70L,3.9,899,"1,529"
Caprese Yondella Women's Sling Bag,4.1,"1,214","1,293"
"AirCase Laptop Bag Backpack Case Pouch for Laptop Backpack for Men & Women,Premium Vegan Leather",3.8,929,885
HOXSURY Sling Backpack USB Anti-Theft Waterproof Chest Daypack Casual Shoulder Bag,4.3,"1,199",79
WILDHORN Laptop Backpack for Men/Women I Waterproof I Travel/Business/College Bookbags Fit 15.6 Inch Laptop,4,764,147
Gear DOUBLE DECKER 31L Water Resistant Laptop Bag/Backpack/Office Bag for Men/Women (Black),4,"1,399",30
Skybags Cardiff Polyester 52 Cms Wheel Travel Duffle Bag (Blue),4.2,"1,699","5,904"
"HARISSONS Bags Dexter 14 Inch Casual Laptop Backpack for Men and Women (18 Litres) with USB Charging Port | Vintage Bagpack with Dedicated Laptop Compartment, 3.5mm External Audio Jack",4,"1,879",239
NHQ FASHION Large 45 L Laptop Backpack Large 45 L Laptop Backpack Heavy Duty Traverse Collection Unisex Travel,,599,
Denim Multiorganizer Backpack Compatible with 15.6 inch laptop,3.2,485,20
Aristocrat Unisex Black Oxford Fabric 28.82L Laptop Bags,3.4,754,68
TRAWOC 80L Travel Backpack for Outdoor Sport Camp Hiking Trekking Bag Camping Rucksack HK007 (PARENT) 1 Year Warranty,4.4,"2,379","7,511"
"Half Moon 35L Water Resistant 15.6 inch Laptop Bag for Men/Backpack for Men, Black | Office Bag for Men/Office Bag for Women with Padded Laptop Compartment | Rain Cover & Reflective Strips",3.9,699,347
F Gear Colorado Grey Orange 39 Ltrs Laptop Backpack (3814),4.2,895,223
WildHorn Leather Laptop Bag for Men I Fits Upto 15.6 Inch Laptop/MacBook I Padded Laptop Compartment I Carry Handles with Adjustable Strap I DIMENSION : L-16 inch W-4 inch H-12 inch,4.2,"2,629",973
FUR JADEN 15.6 Anti Theft Laptop Backpack with USB Charging Port Unisex Bag for College Office Suitable for Men Women,4,749,"6,223"
Gear Galaxy Universe 30 L Water Resistant School Bag/Kids Bag/Casual Backpack/Daypack/College Bag for Boys/Girls/Men/Women (Blue),3.7,"1,095",31
Skybags Cardiff Polyester 63.5 Cms Travel Duffle Bag (Red),4.2,"1,908","5,022"
"Red Lemon BANGE Captain Business Smart Backpack Waterproof fit 15.6 Inch Laptop Backpack with USB Charging Port,Travel Durable Backpack for Men and Women",4.5,"3,799",354
uppercase Nexus Professional Anti-Theft Overnighter Travel Laptop Backpack,4.9,"2,500",11
COSMUS WEBSTAR 45 CM LAPTOP BACKPACK 35 LTRS LARGE SCHOOL BAG/TRAVEL BAGPACK (BLACK),4.2,"1,315",788
"Victorinox Altmont Classic, Rolltop Laptop Backpack, Olive Camo (609849)",4.9,"7,632",17
HP 320 15.6-inch Backpacks/Trolley Pass-Through; Padded Back Panel; Padded air mesh Panel/Hand wash and air Dry/Padded Laptop Pocket/1 Year Limited Warranty (793A6AA),3.9,"1,049",23
Aristrocrat Unisex Laptop Bag Grey,4.4,803,32
Skybags Cardiff Polyester 63.5 cms Blue Travel Duffle,4.2,"2,009","5,656"
Lenovo 15.6-inch Casual Laptop Briefcase T210,4.3,799,"4,386"
VIULVUK Professional Large Makeup Kit Organizer for Girls | Waterproof Cosmetic Bags with Big Compartment | Wash Bag & Travel Toiletry Pouch for Women's Skincare Accessories Storage (Grey Flamingo),3.8,209,6
F Gear Tycoon 27 Liters Laptop Backpack Sch Bag(Black),4.4,"1,149",258
"Genie Clara Backpack for Women - 3 compartments, Laptop Bags for Girls, Stylish and Trendy College Backpacks for Girls, Water Resistant and Lightweight Bags for Office and Travelling Purpose.",4.4,"1,069",204
"Zebronics Techshield A1, 18 Liters, 1 Compartment Laptop Backpack and Front Pocket, fit Up to 15.6-inch Laptop, Polyester Fabric, Office Use and Mini Business Travel Bags (Black)",5,599,4
NHQ FASHION Large 45 L Laptop Backpack Large 45 L Laptop Backpack Heavy Duty Traverse Collection Unisex Travel,,599,
Forever 35 L Blacken Laptop Backpack (Black),,999,
"uppercase SealPro Professional Laptop Backpack (15.6 Inch) 3x more water resistant sustainable bags with rain proof zippers & Anti-theft for Men, Women, Boys and Girls, 750 Days warranty",4.5,"1,900",78
"Stylbase Waterproof Lightweight Laptop Bag with 20L Capacity and 3 Compartments - Ideal for Travel, Office, and School Use - Unisex Design",4.1,231,13
WildHorn Leather Laptop Messenger Bag for Mens,3.9,"2,389",278
Puma Unisex Gym Bag IND,4,899,481
"FALONG Waist Bag for Men & Women Water Resistant Running Waist Pack, Running Belt with Large Capacity, Sweat-Proof Adjustable Elastic Strap and Headphone Hole, Ideal for All Mobile Phones",4.7,320,8
GREENLANDS Adjustable Straps Backpack for School College Laptop Office Travel Bag for Men & Women - Quad,3.9,"1,742",101
WildHorn Leather Laptop Bag for Men I Fits Upto 15.6 Inch Laptop/MacBook I Padded Laptop Compartment I Carry Handles with Adjustable Strap I DIMENSION : L-16 inch W-4 inch H-12 inch,4.2,"2,629",973
Skybags Unisex Black Shiny Jacquard 34L Laptop Bags,5,"1,403",5
Red Lemon BANGE Panther Waterproof Polyester Anti-Theft Unisex Travel Laptop Backpack for Men and Women with USB Charging Port,3.9,"4,990",71
"Red Lemon BANGE Swiss Traveller Laptop Backpack for Men, Business Travelling Backpacks with USB Charger Port, Weekender Carry-On Luggage Backpack multipurpose backpacks for men",4.6,"4,999",37
Chris & Kate Spacious 32 Ltrs 46 cm Boys and Girls School college Casual Daypack Laptop Pocket Water Resistance backpack Bag,,599,
NHQ FASHION Large 45 L Laptop Backpack Large 45 L Laptop Backpack Heavy Duty Traverse Collection Unisex Travel,,599,
Skybags Unisex Black Shiny Jacquard 34L Laptop Bags,5,"1,403",5
"uppercase Laptop Backpack Printed Compact 3x more water repellent sustainable bags with rain proof zippers for Men, Women, Boys & Girls, 750 Days warranty (Blue)",4.1,"1,350",102
Skybags Unisex Black Jacqard 34L Laptop Bags,3.9,"1,127",55
Fast Travel Use For School Bag Class 6-10 Large 4 partition 55 L Laptop Collage Office Travel Backpack Unisex,4,643,42
American Tourister X - Bag Nylon 55 Cms Travel Duffle Bag (Black),4.3,"1,899",676
"ROZEN 45 Ltrs, 46 cms School Bag Class 5-12 Large 4 partition Laptop Collage Office Travel Backpack Unisex",3.9,678,34
"uppercase Medium 17 Ltrs Vegan Leather (upto 14 inch) Laptop Backpack 2300EBP1 3x more water resistant sustainable bags with rain proof zippers for Men, Women, Boys and Girls, 750 Days warranty",4,"1,600",540
Skybags Sonic 45 Ltrs Green Rucksack,4.2,"1,820",718
Forever Manifest Large 35 L Laptop Backpack Spacy unisex Backpack with rain cover and reflective strip (Black),3,799,1
Ultima Moda Business Travel Laptop Backpack For Men & Women College School Computer Rucksack Work Backpack for Mens Womens (32.7 LTR),,599,
PUMA 26 Ltrs Puma Black Laptop Backpack,3.7,"1,319",90
Tommy Hilfiger 27 Ltrs,3.9,"1,924",31
Gear Compact Business 18L Water Resistant Laptop Bag/Backpack/Office Bag for Men/Women-Black,4.3,798,603
Gear Eco4 18L Water Resistant School Bag//Backpack/College Bag for Men/Women - Navy Blue,4,439,"4,282"
Sichumaria Flamingo Cosmetic Bag Portable Travel Makeup Bag for Women Large Travel Water-Resistant Zipper Makeup Organizer for Girls Make Up Bag Brush Bags (Pink),3.9,199,80
Gear ECO1 24L Water Resistant Laptop Bag/Backpack/Office Bag for Men/Women- Grey-Black-Yellow,4.2,861,"1,478"
FATMUG Laptop Bag For Men - Convertible Backpack For Office And Travel (Light Grey Oxford Fabric),4.4,"1,699","2,316"
Wildcraft 31 Ltrs Black Casual Backpack (11652-Black),4.3,"1,190",370
COSMUS WEBSTAR 45 CM LAPTOP BACKPACK 35 LTRS LARGE SCHOOL BAG/TRAVEL BAGPACK (GREY),4.2,"1,315",788
EUME Virgo 29L Laptop Bag for Men| Travel Bag With 3 Compartment |School Bags for Boys |Office & Travel Bags Polyester Casual Daypacks Laptop Backpacks |Backpack for Men/Backpack for Women,4.1,999,482
